{"stat.flyOneCm":4960,"stat.walkOneCm":2420,"stat.pickup.minecraft.wheat_seeds":9,"stat.drop":9,"stat.jump":33,"stat.playOneMinute":850,"stat.fallOneCm":896,"stat.drop.minecraft.wheat_seeds":9,"stat.leaveGame":1,"stat.sneakTime":51,"stat.damageDealt":70,"stat.crouchOneCm":137,"stat.timeSinceDeath":850,"stat.mineBlock.minecraft.double_plant":1,"stat.pickup.minecraft.dirt":4,"stat.useItem.minecraft.dirt":1,"stat.sprintOneCm":1778,"stat.mineBlock.minecraft.dirt":4,"stat.useItem.minecraft.stone_slab2":3,"stat.mineBlock.minecraft.tallgrass":6}