{"stats":{"minecraft:used":{"minecraft:diamond_pickaxe":59,"minecraft:stone":51,"easy_npc:humanoid_spawn_egg":1,"minecraft:gravel":41},"minecraft:mined":{"minecraft:cobblestone":14,"minecraft:stone":45},"minecraft:custom":{"minecraft:jump":74,"minecraft:time_since_rest":16467,"minecraft:crouch_one_cm":222,"minecraft:leave_game":5,"minecraft:play_time":16467,"minecraft:sprint_one_cm":4750,"minecraft:damage_taken":160,"minecraft:time_since_death":16467,"minecraft:walk_one_cm":5389,"minecraft:sneak_time":944,"minecraft:total_world_time":16467,"minecraft:fall_one_cm":1927,"minecraft:fly_one_cm":283726},"minecraft:picked_up":{"minecraft:cobblestone":59}},"DataVersion":3465}