{"stat.walkOneCm":3537,"stat.leaveGame":2,"stat.mineBlock.minecraft.double_plant":1,"stat.flyOneCm":55248,"stat.pickup.minecraft.wheat_seeds":9,"stat.drop":9,"stat.jump":42,"stat.playOneMinute":3218,"stat.fallOneCm":896,"stat.drop.minecraft.wheat_seeds":9,"stat.sneakTime":164,"stat.damageDealt":70,"stat.crouchOneCm":283,"stat.timeSinceDeath":3218,"stat.pickup.minecraft.dirt":4,"stat.useItem.minecraft.dirt":1,"stat.sprintOneCm":1991,"stat.mineBlock.minecraft.dirt":4,"stat.useItem.minecraft.stone_slab2":7,"stat.mineBlock.minecraft.tallgrass":6}