{"stat.walkOneCm":3537,"stat.useItem.props.props":2,"stat.leaveGame":3,"stat.mineBlock.minecraft.double_plant":1,"stat.flyOneCm":111424,"stat.pickup.props.props":1,"stat.pickup.minecraft.wheat_seeds":9,"stat.drop":9,"stat.jump":45,"stat.swimOneCm":231,"stat.playOneMinute":4857,"stat.fallOneCm":896,"stat.drop.minecraft.wheat_seeds":9,"stat.sneakTime":258,"stat.damageDealt":70,"stat.crouchOneCm":283,"stat.timeSinceDeath":4857,"stat.pickup.minecraft.dirt":4,"stat.useItem.minecraft.dirt":1,"stat.sprintOneCm":2203,"stat.mineBlock.minecraft.dirt":4,"stat.useItem.minecraft.stone_slab2":8,"stat.mineBlock.minecraft.tallgrass":6}