{"stat.walkOneCm":3537,"stat.leaveGame":2,"stat.mineBlock.minecraft.double_plant":1,"stat.flyOneCm":63582,"stat.pickup.minecraft.wheat_seeds":9,"stat.drop":9,"stat.jump":44,"stat.swimOneCm":231,"stat.playOneMinute":4044,"stat.fallOneCm":896,"stat.drop.minecraft.wheat_seeds":9,"stat.sneakTime":170,"stat.damageDealt":70,"stat.crouchOneCm":283,"stat.timeSinceDeath":4044,"stat.pickup.minecraft.dirt":4,"stat.useItem.minecraft.dirt":1,"stat.sprintOneCm":2203,"stat.mineBlock.minecraft.dirt":4,"stat.useItem.minecraft.stone_slab2":7,"stat.mineBlock.minecraft.tallgrass":6}