{"stats":{"minecraft:picked_up":{"minecraft:cobblestone":59},"minecraft:custom":{"minecraft:jump":74,"minecraft:time_since_rest":86181,"minecraft:crouch_one_cm":222,"minecraft:leave_game":7,"minecraft:play_time":86181,"minecraft:sprint_one_cm":4750,"minecraft:damage_taken":160,"minecraft:time_since_death":86181,"minecraft:walk_one_cm":5389,"minecraft:sneak_time":951,"minecraft:total_world_time":86181,"minecraft:fall_one_cm":1927,"minecraft:fly_one_cm":289618},"minecraft:used":{"minecraft:diamond_pickaxe":59,"minecraft:stone":51,"easy_npc:humanoid_spawn_egg":1,"minecraft:gravel":41},"minecraft:mined":{"minecraft:cobblestone":14,"minecraft:stone":45}},"DataVersion":3465}