{"stats":{"minecraft:used":{"alexsmobs:potted_flutter":1,"minecraft:oak_log":3,"minecraft:netherite_sword":7,"mcwlights:wall_lantern":4,"minecraft:chiseled_bookshelf":3,"minecraft:dark_oak_stairs":37,"minecraft:dark_oak_planks":80,"framedblocks:framed_vertical_double_half_stairs":20,"minecraft:flower_pot":1,"multibeds:modern":2,"mcwdoors:garage_gray_door":22,"mcwwindows:dark_oak_window2":3,"mcwdoors:spruce_bark_glass_door":10,"minecraft:dark_oak_log":239,"minecraft:birch_slab":5,"minecraft:grass_block":58,"minecraft:iron_axe":137,"mcwlights:spruce_ceiling_fan_light":2,"cfm:stripped_dark_oak_table":5,"biomesoplenty:palm_leaves":157,"mcwdoors:oak_bamboo_door":2,"minecraft:oak_planks":227,"connectedglass:clear_glass_light_blue":49,"minecraft:spruce_planks":326,"minecraft:netherite_hoe":7,"minecraft:dark_oak_slab":380,"connectedglass:clear_glass_pane":28,"modernlife:glass_panel":7,"modernlife:dark_oak_ramp":204,"minecraft:gravel":7,"minecraft:wooden_shovel":7,"mcwwindows:stripped_dark_oak_log_window":57,"modernlife:flatscreen_tv":9,"minecraft:oak_leaves":7,"modernlife:black_sofa":7,"elevatorid:elevator_white":2,"mcwlights:brown_lamp":1,"decorative_blocks:spruce_support":2,"minecraft:sand":9,"minecraft:dirt":267,"connectedglass:clear_glass":81,"torchmaster:feral_flare_lantern":2,"minecraft:snow":2,"minecraft:stripped_dark_oak_log":44,"minecraft:oak_slab":43,"mcwlights:tavern_lantern":5,"minecraft:spruce_stairs":30,"minecolonies:blockminecoloniesrack":4,"mcwlights:covered_wall_lantern":4,"mcwlights:pink_lamp":1,"supplementaries:planter":2,"minecraft:spruce_fence":20,"minecraft:dark_oak_door":2,"minecolonies:blockhutplantation":4},"minecraft:killed":{"minecraft:trader_llama":2,"alexsmobs:flutter":1,"minecraft:wandering_trader":1},"minecraft:dropped":{"modernlife:flatscreen_tv":1},"minecraft:custom":{"minecraft:time_since_rest":110783,"minecraft:sprint_one_cm":28442,"minecraft:walk_one_cm":262877,"minecraft:mob_kills":4,"minecraft:drop":1,"minecraft:damage_dealt":771,"minecraft:fly_one_cm":757206,"minecraft:crouch_one_cm":7823,"minecraft:play_time":110783,"minecraft:sneak_time":5649,"minecraft:walk_under_water_one_cm":1842,"minecraft:pot_flower":1,"tombstone:villager_killed":1,"minecraft:jump":271,"minecraft:leave_game":1,"minecraft:walk_on_water_one_cm":76,"minecraft:time_since_death":110783,"minecraft:total_world_time":110783},"minecraft:picked_up":{"minecraft:lead":2,"minecraft:leather":2,"car:canola_seeds":6,"minecraft:dandelion":8,"modernlife:flatscreen_tv":1,"minecraft:cornflower":1,"minecraft:wheat_seeds":3,"minecolonies:eggplant":1,"minecraft:oxeye_daisy":1}},"DataVersion":3465}