{"stats":{"minecraft:used":{"minecraft:stone_brick_slab":2,"cfm:spruce_upgraded_fence":19,"minecraft:spruce_wood":86,"minecraft:lantern":16,"minecraft:spruce_slab":23,"minecraft:stone_shovel":14,"minecraft:rooted_dirt":17,"minecraft:stone_button":5,"minecraft:stone_slab":1,"minecraft:stone":35,"minecraft:spruce_trapdoor":38,"supplementaries:flag_magenta":1,"magistuarmory:iron_stylet":8,"minecraft:spruce_fence_gate":14,"minecraft:cobblestone_slab":7,"minecraft:flowering_azalea_leaves":7,"minecraft:stone_bricks":45,"minecraft:stone_brick_stairs":39,"minecraft:polished_andesite_slab":11,"minecraft:spruce_leaves":76,"minecraft:chiseled_stone_bricks":82,"cfm:stripped_spruce_upgraded_fence":1,"paraglider:goddess_statue":1,"minecraft:cobblestone":58,"minecraft:spruce_stairs":1,"minecraft:chain":3,"alexsmobs:animal_dictionary":3,"minecraft:stone_brick_wall":64,"minecraft:coarse_dirt":10,"minecraft:spruce_fence":79,"minecraft:stripped_spruce_log":24,"minecraft:spruce_log":169,"minecraft:bone_meal":7,"minecraft:purple_wool":9},"minecraft:mined":{"minecraft:white_bed":1},"minecraft:killed":{"alexsmobs:snow_leopard":1},"minecraft:custom":{"minecraft:time_since_rest":83246,"minecraft:sprint_one_cm":66185,"minecraft:damage_taken":130,"minecraft:walk_one_cm":119065,"minecraft:mob_kills":1,"minecraft:damage_dealt":300,"minecraft:fly_one_cm":486521,"minecraft:crouch_one_cm":4259,"minecraft:play_time":83246,"minecraft:sneak_time":3900,"minecraft:jump":213,"minecraft:leave_game":1,"minecraft:time_since_death":83246,"minecraft:walk_on_water_one_cm":358,"minecraft:total_world_time":83246,"minecraft:fall_one_cm":1591},"minecraft:picked_up":{"minecraft:leather":5,"car:canola_seeds":1,"minecraft:white_bed":1,"minecraft:beef":11,"minecraft:black_wool":1,"minecraft:sugar_cane":4}},"DataVersion":3465}