[
  {
    "uuid": "433e2c52-dcb2-4165-acfc-2f0ab7f2bd3e",
    "displayName": {
      "insertion": "Bryansitoo06",
      "clickEvent": {
        "action": "suggest_command",
        "value": "/tell Bryansitoo06 "
      },
      "hoverEvent": {
        "action": "show_entity",
        "contents": {
          "type": "minecraft:player",
          "id": "433e2c52-dcb2-4165-acfc-2f0ab7f2bd3e",
          "name": {
            "text": "Bryansitoo06"
          }
        }
      },
      "extra": [
        {
          "text": "Bryansitoo06"
        }
      ],
      "text": ""
    },
    "animation": "null"
  },
  {
    "uuid": "53ca1bea-12b1-38bd-9edb-a16c7673fa4a",
    "displayName": {
      "insertion": "Bryansitoo06",
      "clickEvent": {
        "action": "suggest_command",
        "value": "/tell Bryansitoo06 "
      },
      "hoverEvent": {
        "action": "show_entity",
        "contents": {
          "type": "minecraft:player",
          "id": "53ca1bea-12b1-38bd-9edb-a16c7673fa4a",
          "name": {
            "text": "Bryansitoo06"
          }
        }
      },
      "extra": [
        {
          "text": "Bryansitoo06"
        }
      ],
      "text": ""
    },
    "animation": "null"
  },
  {
    "uuid": "989a2383-4858-3ea3-8a24-bc88412ff7c4",
    "displayName": {
      "insertion": "Nik037",
      "clickEvent": {
        "action": "suggest_command",
        "value": "/tell Nik037 "
      },
      "hoverEvent": {
        "action": "show_entity",
        "contents": {
          "type": "minecraft:player",
          "id": "989a2383-4858-3ea3-8a24-bc88412ff7c4",
          "name": {
            "text": "Nik037"
          }
        }
      },
      "extra": [
        {
          "text": "Nik037"
        }
      ],
      "text": ""
    },
    "animation": "null"
  }
]