[
  {
    "uuid": "433e2c52-dcb2-4165-acfc-2f0ab7f2bd3e",
    "displayName": {
      "insertion": "Bryansitoo06",
      "clickEvent": {
        "action": "suggest_command",
        "value": "/tell Bryansitoo06 "
      },
      "hoverEvent": {
        "action": "show_entity",
        "contents": {
          "type": "minecraft:player",
          "id": "433e2c52-dcb2-4165-acfc-2f0ab7f2bd3e",
          "name": {
            "text": "Bryansitoo06"
          }
        }
      },
      "extra": [
        {
          "text": "Bryansitoo06"
        }
      ],
      "text": ""
    },
    "animation": "null"
  }
]